{"_type":"export","__export_format":4,"__export_date":"2023-12-04T22:23:50.168Z","__export_source":"insomnia.desktop.app:v8.4.5","resources":[{"_id":"req_1bca6820e93b4a90a104cd579e2fb8da","parentId":"wrk_scratchpad","modified":1701728047219,"created":1687821491859,"url":"http://localhost:8000/api/register","name":"User Register","description":"","method":"POST","body":{"mimeType":"application/x-www-form-urlencoded","params":[{"id":"pair_a466545f680f4760839ed37b682859a0","name":"email","value":"email@email.com","description":""},{"id":"pair_70c28a5432cd4721aba37ef88b13942e","name":"password","value":"123456","description":""}]},"parameters":[],"headers":[{"id":"pair_65cfd934083b4a04a83ca463e85cb4ad","name":"Accept","value":"application/json","description":""},{"name":"Content-Type","value":"application/x-www-form-urlencoded"}],"authentication":{},"metaSortKey":-1687821491859,"isPrivate":false,"settingStoreCookies":true,"settingSendCookies":true,"settingDisableRenderRequestBody":false,"settingEncodeUrl":true,"settingRebuildPath":true,"settingFollowRedirects":"global","_type":"request"},{"_id":"wrk_scratchpad","parentId":null,"modified":1701724214911,"created":1701724214911,"name":"Scratch Pad","description":"","scope":"collection","_type":"workspace"},{"_id":"req_d386bf4d04424f0098d6676d4c6ebfdb","parentId":"wrk_scratchpad","modified":1701728337636,"created":1687823046242,"url":"http://localhost:8000/api/login","name":"User Login","description":"","method":"POST","body":{"mimeType":"application/x-www-form-urlencoded","params":[{"id":"pair_a466545f680f4760839ed37b682859a0","name":"email","value":"email@email.com","description":""},{"id":"pair_70c28a5432cd4721aba37ef88b13942e","name":"password","value":"123456","description":""}]},"parameters":[],"headers":[{"id":"pair_65cfd934083b4a04a83ca463e85cb4ad","name":"Accept","value":"application/json","description":""},{"name":"Content-Type","value":"application/x-www-form-urlencoded"}],"authentication":{},"metaSortKey":-1687742725775.2188,"isPrivate":false,"settingStoreCookies":true,"settingSendCookies":true,"settingDisableRenderRequestBody":false,"settingEncodeUrl":true,"settingRebuildPath":true,"settingFollowRedirects":"global","_type":"request"},{"_id":"req_da9f5c67ccc94983a7f731548b842dd0","parentId":"wrk_scratchpad","modified":1687827059449,"created":1687824258570,"url":"http://localhost:8000/api/logout","name":"User Logout","description":"","method":"POST","body":{"mimeType":"application/x-www-form-urlencoded","params":[]},"parameters":[],"headers":[{"id":"pair_65cfd934083b4a04a83ca463e85cb4ad","name":"Accept","value":"application/json","description":""},{"name":"Content-Type","value":"application/x-www-form-urlencoded"}],"authentication":{},"metaSortKey":-1687723034254.2734,"isPrivate":false,"settingStoreCookies":true,"settingSendCookies":true,"settingDisableRenderRequestBody":false,"settingEncodeUrl":true,"settingRebuildPath":true,"settingFollowRedirects":"global","_type":"request"},{"_id":"req_dfa4d757dede4be3be7dbff87d7074bb","parentId":"wrk_scratchpad","modified":1701728346985,"created":1687823112149,"url":"http://localhost:8000/api/flavor","name":"Flavor Store","description":"","method":"POST","body":{"mimeType":"application/x-www-form-urlencoded","params":[{"id":"pair_a466545f680f4760839ed37b682859a0","name":"flavor","value":"Sabor","description":""},{"id":"pair_70c28a5432cd4721aba37ef88b13942e","name":"info","value":"informações sobre o sabor","description":""},{"id":"pair_22bcc9ab7aff4afcb8c73255d566ae59","name":"type","value":"Especial","description":""},{"id":"pair_e2210bf0ebfc47c4af8908b9e093b7c7","name":"price","value":"10.00","description":""},{"id":"pair_07f534693f2f456c99b75a8de284b0f0","name":"image","value":"url da imagem","description":""}]},"parameters":[],"headers":[{"id":"pair_65cfd934083b4a04a83ca463e85cb4ad","name":"Accept","value":"application/json","description":""},{"name":"Content-Type","value":"application/x-www-form-urlencoded"}],"authentication":{"type":"bearer","token":"wD62EWgtTIcwm2VaBsATbLQtQkB4ppOcA0E2lNHC"},"metaSortKey":-1687703342733.3281,"isPrivate":false,"settingStoreCookies":true,"settingSendCookies":true,"settingDisableRenderRequestBody":false,"settingEncodeUrl":true,"settingRebuildPath":true,"settingFollowRedirects":"global","_type":"request"},{"_id":"req_bf96a4f578664a9abdc4e0798bbe64ed","parentId":"wrk_scratchpad","modified":1701728357636,"created":1687823301094,"url":"http://localhost:8000/api/flavor/1","name":"Flavor Update","description":"","method":"PUT","body":{"mimeType":"application/x-www-form-urlencoded","params":[{"id":"pair_a466545f680f4760839ed37b682859a0","name":"flavor","value":"Frango","description":""},{"id":"pair_70c28a5432cd4721aba37ef88b13942e","name":"info","value":"informações sobre o sabor","description":""},{"id":"pair_22bcc9ab7aff4afcb8c73255d566ae59","name":"type","value":"Especial","description":""},{"id":"pair_e2210bf0ebfc47c4af8908b9e093b7c7","name":"price","value":"10.00","description":""},{"id":"pair_07f534693f2f456c99b75a8de284b0f0","name":"image","value":"url da imagem","description":""}]},"parameters":[],"headers":[{"id":"pair_65cfd934083b4a04a83ca463e85cb4ad","name":"Accept","value":"application/json","description":""},{"name":"Content-Type","value":"application/x-www-form-urlencoded"}],"authentication":{"type":"bearer","token":"wD62EWgtTIcwm2VaBsATbLQtQkB4ppOcA0E2lNHC"},"metaSortKey":-1687683651212.3828,"isPrivate":false,"settingStoreCookies":true,"settingSendCookies":true,"settingDisableRenderRequestBody":false,"settingEncodeUrl":true,"settingRebuildPath":true,"settingFollowRedirects":"global","_type":"request"},{"_id":"req_6474e276fc634df68348711e78e17792","parentId":"wrk_scratchpad","modified":1701728365936,"created":1687823323504,"url":"http://localhost:8000/api/flavor","name":"Flavor get all","description":"","method":"GET","body":{"mimeType":"application/x-www-form-urlencoded","params":[]},"parameters":[],"headers":[{"id":"pair_65cfd934083b4a04a83ca463e85cb4ad","name":"Accept","value":"application/json","description":""},{"name":"Content-Type","value":"application/x-www-form-urlencoded"}],"authentication":{"type":"bearer","token":"wD62EWgtTIcwm2VaBsATbLQtQkB4ppOcA0E2lNHC"},"metaSortKey":-1687673805451.9102,"isPrivate":false,"settingStoreCookies":true,"settingSendCookies":true,"settingDisableRenderRequestBody":false,"settingEncodeUrl":true,"settingRebuildPath":true,"settingFollowRedirects":"global","_type":"request"},{"_id":"req_8d3baafde07b4cf49974fdf0c1053e99","parentId":"wrk_scratchpad","modified":1701728398467,"created":1687823364647,"url":"http://localhost:8000/api/flavor/1","name":"Flavor get id","description":"","method":"GET","body":{"mimeType":"application/x-www-form-urlencoded","params":[]},"parameters":[],"headers":[{"id":"pair_65cfd934083b4a04a83ca463e85cb4ad","name":"Accept","value":"application/json","description":""},{"name":"Content-Type","value":"application/x-www-form-urlencoded"}],"authentication":{"type":"bearer","token":"wD62EWgtTIcwm2VaBsATbLQtQkB4ppOcA0E2lNHC"},"metaSortKey":-1687668882571.6738,"isPrivate":false,"settingStoreCookies":true,"settingSendCookies":true,"settingDisableRenderRequestBody":false,"settingEncodeUrl":true,"settingRebuildPath":true,"settingFollowRedirects":"global","_type":"request"},{"_id":"req_c529abedcfd34a0ba01d1e8e7fd46154","parentId":"wrk_scratchpad","modified":1701728409525,"created":1687823392848,"url":"http://localhost:8000/api/flavor/1","name":"Flavor delete","description":"","method":"DELETE","body":{"mimeType":"application/x-www-form-urlencoded","params":[]},"parameters":[],"headers":[{"id":"pair_65cfd934083b4a04a83ca463e85cb4ad","name":"Accept","value":"application/json","description":""},{"name":"Content-Type","value":"application/x-www-form-urlencoded"}],"authentication":{"type":"bearer","token":"wD62EWgtTIcwm2VaBsATbLQtQkB4ppOcA0E2lNHC"},"metaSortKey":-1687666421131.5557,"isPrivate":false,"settingStoreCookies":true,"settingSendCookies":true,"settingDisableRenderRequestBody":false,"settingEncodeUrl":true,"settingRebuildPath":true,"settingFollowRedirects":"global","_type":"request"},{"_id":"req_f8fbe43ad2e44a41910a6f542ea4cebe","parentId":"wrk_scratchpad","modified":1701728418019,"created":1687823443568,"url":"http://localhost:8000/api/size","name":"Size Store","description":"","method":"POST","body":{"mimeType":"application/x-www-form-urlencoded","params":[{"id":"pair_0486958c90064316bba4096d87ee83c8","name":"size","value":"grande","description":""},{"id":"pair_b5d08b1f2d464281b773526736dcd7d9","name":"price","value":"90.00","description":""},{"id":"pair_77171c6630634e3bb42d78a71726fa2c","name":"info","value":"25 coxinhas","description":""}]},"parameters":[],"headers":[{"id":"pair_65cfd934083b4a04a83ca463e85cb4ad","name":"Accept","value":"application/json","description":""},{"name":"Content-Type","value":"application/x-www-form-urlencoded"}],"authentication":{"type":"bearer","token":"wD62EWgtTIcwm2VaBsATbLQtQkB4ppOcA0E2lNHC"},"metaSortKey":-1687666421081.5557,"isPrivate":false,"settingStoreCookies":true,"settingSendCookies":true,"settingDisableRenderRequestBody":false,"settingEncodeUrl":true,"settingRebuildPath":true,"settingFollowRedirects":"global","_type":"request"},{"_id":"req_64a168a40b3545c3a0ecfcf13b3e3be3","parentId":"wrk_scratchpad","modified":1701728458925,"created":1687823535092,"url":"http://localhost:8000/api/size/1","name":"Size Update","description":"","method":"PUT","body":{"mimeType":"application/x-www-form-urlencoded","params":[{"id":"pair_0486958c90064316bba4096d87ee83c8","name":"size","value":"médio","description":""},{"id":"pair_b5d08b1f2d464281b773526736dcd7d9","name":"price","value":"30.00","description":""},{"id":"pair_77171c6630634e3bb42d78a71726fa2c","name":"info","value":"10 coxinhas","description":""}]},"parameters":[],"headers":[{"id":"pair_65cfd934083b4a04a83ca463e85cb4ad","name":"Accept","value":"application/json","description":""},{"name":"Content-Type","value":"application/x-www-form-urlencoded"}],"authentication":{"type":"bearer","token":"wD62EWgtTIcwm2VaBsATbLQtQkB4ppOcA0E2lNHC"},"metaSortKey":-1687665190386.4966,"isPrivate":false,"settingStoreCookies":true,"settingSendCookies":true,"settingDisableRenderRequestBody":false,"settingEncodeUrl":true,"settingRebuildPath":true,"settingFollowRedirects":"global","_type":"request"},{"_id":"req_8012ad208b114b108189a57aa5879391","parentId":"wrk_scratchpad","modified":1701728467625,"created":1687823614204,"url":"http://localhost:8000/api/size","name":"Size get all","description":"","method":"GET","body":{"mimeType":"application/x-www-form-urlencoded","params":[]},"parameters":[],"headers":[{"id":"pair_65cfd934083b4a04a83ca463e85cb4ad","name":"Accept","value":"application/json","description":""},{"name":"Content-Type","value":"application/x-www-form-urlencoded"}],"authentication":{"type":"bearer","token":"wD62EWgtTIcwm2VaBsATbLQtQkB4ppOcA0E2lNHC"},"metaSortKey":-1687665190336.4966,"isPrivate":false,"settingStoreCookies":true,"settingSendCookies":true,"settingDisableRenderRequestBody":false,"settingEncodeUrl":true,"settingRebuildPath":true,"settingFollowRedirects":"global","_type":"request"},{"_id":"req_cac7aca3b02b477d852d8deac7164e16","parentId":"wrk_scratchpad","modified":1701728473257,"created":1687823638411,"url":"http://localhost:8000/api/size/1","name":"Size get id","description":"","method":"GET","body":{"mimeType":"application/x-www-form-urlencoded","params":[]},"parameters":[],"headers":[{"id":"pair_65cfd934083b4a04a83ca463e85cb4ad","name":"Accept","value":"application/json","description":""},{"name":"Content-Type","value":"application/x-www-form-urlencoded"}],"authentication":{"type":"bearer","token":"wD62EWgtTIcwm2VaBsATbLQtQkB4ppOcA0E2lNHC"},"metaSortKey":-1687664575013.967,"isPrivate":false,"settingStoreCookies":true,"settingSendCookies":true,"settingDisableRenderRequestBody":false,"settingEncodeUrl":true,"settingRebuildPath":true,"settingFollowRedirects":"global","_type":"request"},{"_id":"req_e29631b2d7ba43f29145ae5aedfad1c5","parentId":"wrk_scratchpad","modified":1701728479680,"created":1687823720920,"url":"http://localhost:8000/api/size/1","name":"Size delete id","description":"","method":"DELETE","body":{"mimeType":"application/x-www-form-urlencoded","params":[]},"parameters":[],"headers":[{"id":"pair_65cfd934083b4a04a83ca463e85cb4ad","name":"Accept","value":"application/json","description":""},{"name":"Content-Type","value":"application/x-www-form-urlencoded"}],"authentication":{"type":"bearer","token":"wD62EWgtTIcwm2VaBsATbLQtQkB4ppOcA0E2lNHC"},"metaSortKey":-1687664267352.7021,"isPrivate":false,"settingStoreCookies":true,"settingSendCookies":true,"settingDisableRenderRequestBody":false,"settingEncodeUrl":true,"settingRebuildPath":true,"settingFollowRedirects":"global","_type":"request"},{"_id":"req_3eeb6aac191040e09061ccf7ff0f77a3","parentId":"wrk_scratchpad","modified":1701728496027,"created":1687823771772,"url":"http://localhost:8000/api/dough","name":"Dough Store","description":"","method":"POST","body":{"mimeType":"application/x-www-form-urlencoded","params":[{"id":"pair_5072db4043024507b360c6e7e91fad16","name":"price","value":"10.00","description":""},{"id":"pair_f966ab412e68493aa735942c0924865b","name":"info","value":"Massa de batata","description":""},{"id":"pair_99133f5f4dc9435e8c83bb853dcef124","name":"dough","value":"Batata","description":""}]},"parameters":[],"headers":[{"id":"pair_65cfd934083b4a04a83ca463e85cb4ad","name":"Accept","value":"application/json","description":""},{"name":"Content-Type","value":"application/x-www-form-urlencoded"}],"authentication":{"type":"bearer","token":"wD62EWgtTIcwm2VaBsATbLQtQkB4ppOcA0E2lNHC"},"metaSortKey":-1687664267302.7021,"isPrivate":false,"settingStoreCookies":true,"settingSendCookies":true,"settingDisableRenderRequestBody":false,"settingEncodeUrl":true,"settingRebuildPath":true,"settingFollowRedirects":"global","_type":"request"},{"_id":"req_c41384a53ccc40c6bc72f73aa3926d9b","parentId":"wrk_scratchpad","modified":1701728504886,"created":1687823913433,"url":"http://localhost:8000/api/dough/1","name":"Dough Update","description":"","method":"PUT","body":{"mimeType":"application/x-www-form-urlencoded","params":[{"id":"pair_5072db4043024507b360c6e7e91fad16","name":"price","value":"15.00","description":""},{"id":"pair_f966ab412e68493aa735942c0924865b","name":"info","value":"Massa de batata","description":""},{"id":"pair_99133f5f4dc9435e8c83bb853dcef124","name":"dough","value":"Batata","description":""}]},"parameters":[],"headers":[{"id":"pair_65cfd934083b4a04a83ca463e85cb4ad","name":"Accept","value":"application/json","description":""},{"name":"Content-Type","value":"application/x-www-form-urlencoded"}],"authentication":{"type":"bearer","token":"wD62EWgtTIcwm2VaBsATbLQtQkB4ppOcA0E2lNHC"},"metaSortKey":-1687664113497.0698,"isPrivate":false,"settingStoreCookies":true,"settingSendCookies":true,"settingDisableRenderRequestBody":false,"settingEncodeUrl":true,"settingRebuildPath":true,"settingFollowRedirects":"global","_type":"request"},{"_id":"req_08bac1e0f1d646a991e69ab7ec15f88d","parentId":"wrk_scratchpad","modified":1701728513354,"created":1687823944272,"url":"http://localhost:8000/api/dough/","name":"Dough get all","description":"","method":"GET","body":{"mimeType":"application/x-www-form-urlencoded","params":[]},"parameters":[],"headers":[{"id":"pair_65cfd934083b4a04a83ca463e85cb4ad","name":"Accept","value":"application/json","description":""},{"name":"Content-Type","value":"application/x-www-form-urlencoded"}],"authentication":{"type":"bearer","token":"wD62EWgtTIcwm2VaBsATbLQtQkB4ppOcA0E2lNHC"},"metaSortKey":-1687664036594.2537,"isPrivate":false,"settingStoreCookies":true,"settingSendCookies":true,"settingDisableRenderRequestBody":false,"settingEncodeUrl":true,"settingRebuildPath":true,"settingFollowRedirects":"global","_type":"request"},{"_id":"req_0c01a0b43afa4e86aa05cdc37305e3c0","parentId":"wrk_scratchpad","modified":1701728523328,"created":1687823975738,"url":"http://localhost:8000/api/dough/1","name":"Dough get id","description":"","method":"GET","body":{"mimeType":"application/x-www-form-urlencoded","params":[]},"parameters":[],"headers":[{"id":"pair_65cfd934083b4a04a83ca463e85cb4ad","name":"Accept","value":"application/json","description":""},{"name":"Content-Type","value":"application/x-www-form-urlencoded"}],"authentication":{"type":"bearer","token":"wD62EWgtTIcwm2VaBsATbLQtQkB4ppOcA0E2lNHC"},"metaSortKey":-1687663998142.8457,"isPrivate":false,"settingStoreCookies":true,"settingSendCookies":true,"settingDisableRenderRequestBody":false,"settingEncodeUrl":true,"settingRebuildPath":true,"settingFollowRedirects":"global","_type":"request"},{"_id":"req_181393d4059d41c292c6b40a25a29841","parentId":"wrk_scratchpad","modified":1701728539630,"created":1687824007059,"url":"http://localhost:8000/api/dough/1","name":"Dough delete id","description":"","method":"DELETE","body":{"mimeType":"application/x-www-form-urlencoded","params":[]},"parameters":[],"headers":[{"id":"pair_65cfd934083b4a04a83ca463e85cb4ad","name":"Accept","value":"application/json","description":""},{"name":"Content-Type","value":"application/x-www-form-urlencoded"}],"authentication":{"type":"bearer","token":"wD62EWgtTIcwm2VaBsATbLQtQkB4ppOcA0E2lNHC"},"metaSortKey":-1687663978917.1416,"isPrivate":false,"settingStoreCookies":true,"settingSendCookies":true,"settingDisableRenderRequestBody":false,"settingEncodeUrl":true,"settingRebuildPath":true,"settingFollowRedirects":"global","_type":"request"},{"_id":"req_cb85ad2decae4d2a8b01e7ab3886a90c","parentId":"wrk_scratchpad","modified":1701728548956,"created":1687824065200,"url":"http://localhost:8000/api/sauce/","name":"Sauce Store","description":"","method":"POST","body":{"mimeType":"application/x-www-form-urlencoded","params":[{"id":"pair_5072db4043024507b360c6e7e91fad16","name":"price","value":"2.00","description":""},{"id":"pair_99133f5f4dc9435e8c83bb853dcef124","name":"sauce","value":"ketchup","description":""}]},"parameters":[],"headers":[{"id":"pair_65cfd934083b4a04a83ca463e85cb4ad","name":"Accept","value":"application/json","description":""},{"name":"Content-Type","value":"application/x-www-form-urlencoded"}],"authentication":{"type":"bearer","token":"wD62EWgtTIcwm2VaBsATbLQtQkB4ppOcA0E2lNHC"},"metaSortKey":-1687663978867.1416,"isPrivate":false,"settingStoreCookies":true,"settingSendCookies":true,"settingDisableRenderRequestBody":false,"settingEncodeUrl":true,"settingRebuildPath":true,"settingFollowRedirects":"global","_type":"request"},{"_id":"req_941894cb26464f8ab55bb9957a8cbb24","parentId":"wrk_scratchpad","modified":1701728561560,"created":1687824146298,"url":"http://localhost:8000/api/sauce/1","name":"Sauce Update","description":"","method":"PUT","body":{"mimeType":"application/x-www-form-urlencoded","params":[{"id":"pair_5072db4043024507b360c6e7e91fad16","name":"price","value":"2.50","description":""},{"id":"pair_99133f5f4dc9435e8c83bb853dcef124","name":"sauce","value":"ketchup","description":""}]},"parameters":[],"headers":[{"id":"pair_65cfd934083b4a04a83ca463e85cb4ad","name":"Accept","value":"application/json","description":""},{"name":"Content-Type","value":"application/x-www-form-urlencoded"}],"authentication":{"type":"bearer","token":"wD62EWgtTIcwm2VaBsATbLQtQkB4ppOcA0E2lNHC"},"metaSortKey":-1687663969279.2896,"isPrivate":false,"settingStoreCookies":true,"settingSendCookies":true,"settingDisableRenderRequestBody":false,"settingEncodeUrl":true,"settingRebuildPath":true,"settingFollowRedirects":"global","_type":"request"},{"_id":"req_2c9adb1ebf264d7fb23cd0e3705c30d5","parentId":"wrk_scratchpad","modified":1701728568796,"created":1687824172054,"url":"http://localhost:8000/api/sauce","name":"Sauce get all","description":"","method":"GET","body":{"mimeType":"application/x-www-form-urlencoded","params":[]},"parameters":[],"headers":[{"id":"pair_65cfd934083b4a04a83ca463e85cb4ad","name":"Accept","value":"application/json","description":""},{"name":"Content-Type","value":"application/x-www-form-urlencoded"}],"authentication":{"type":"bearer","token":"wD62EWgtTIcwm2VaBsATbLQtQkB4ppOcA0E2lNHC"},"metaSortKey":-1687663964485.3635,"isPrivate":false,"settingStoreCookies":true,"settingSendCookies":true,"settingDisableRenderRequestBody":false,"settingEncodeUrl":true,"settingRebuildPath":true,"settingFollowRedirects":"global","_type":"request"},{"_id":"req_9c4d52e3c5144e259cc906ef1a66aa61","parentId":"wrk_scratchpad","modified":1701728577520,"created":1687824193161,"url":"http://localhost:8000/api/sauce/1","name":"Sauce get id","description":"","method":"GET","body":{"mimeType":"application/x-www-form-urlencoded","params":[]},"parameters":[],"headers":[{"id":"pair_65cfd934083b4a04a83ca463e85cb4ad","name":"Accept","value":"application/json","description":""},{"name":"Content-Type","value":"application/x-www-form-urlencoded"}],"authentication":{"type":"bearer","token":"wD62EWgtTIcwm2VaBsATbLQtQkB4ppOcA0E2lNHC"},"metaSortKey":-1687663962088.4004,"isPrivate":false,"settingStoreCookies":true,"settingSendCookies":true,"settingDisableRenderRequestBody":false,"settingEncodeUrl":true,"settingRebuildPath":true,"settingFollowRedirects":"global","_type":"request"},{"_id":"req_53a0b71cad9d4b9ea37bc2dca2406e77","parentId":"wrk_scratchpad","modified":1701728590555,"created":1687824214241,"url":"http://localhost:8000/api/sauce/1","name":"Sauce delete id","description":"","method":"DELETE","body":{"mimeType":"application/x-www-form-urlencoded","params":[]},"parameters":[],"headers":[{"id":"pair_65cfd934083b4a04a83ca463e85cb4ad","name":"Accept","value":"application/json","description":""},{"name":"Content-Type","value":"application/x-www-form-urlencoded"}],"authentication":{"type":"bearer","token":"wD62EWgtTIcwm2VaBsATbLQtQkB4ppOcA0E2lNHC"},"metaSortKey":-1687663960889.919,"isPrivate":false,"settingStoreCookies":true,"settingSendCookies":true,"settingDisableRenderRequestBody":false,"settingEncodeUrl":true,"settingRebuildPath":true,"settingFollowRedirects":"global","_type":"request"},{"_id":"env_99d30891da4bdcebc63947a8fc17f076de878684","parentId":"wrk_scratchpad","modified":1701724276136,"created":1701724276136,"name":"Base Environment","data":{},"dataPropertyOrder":null,"color":null,"isPrivate":false,"metaSortKey":1701724276136,"_type":"environment"},{"_id":"jar_99d30891da4bdcebc63947a8fc17f076de878684","parentId":"wrk_scratchpad","modified":1701724276160,"created":1701724276160,"name":"Default Jar","cookies":[],"_type":"cookie_jar"},{"_id":"uts_39f63d5daad04ca885579e04d3e12996","parentId":"wrk_scratchpad","modified":1687821386124,"created":1687821386124,"name":"API Pizzaria","_type":"unit_test_suite"},{"_id":"env_4fc11bdd4c2940f2839cc4206c720389","parentId":"env_99d30891da4bdcebc63947a8fc17f076de878684","modified":1687826488010,"created":1687826430911,"name":"Teste API","data":{"hcode_url":"http://localhost:8000/api"},"dataPropertyOrder":{"&":["hcode_url"]},"color":null,"isPrivate":false,"metaSortKey":1687826430911,"_type":"environment"},{"_id":"ut_fa309ceceefa4225ad3d1130bb3a7636","parentId":"uts_39f63d5daad04ca885579e04d3e12996","modified":1687826013063,"created":1687824968484,"requestId":"req_1bca6820e93b4a90a104cd579e2fb8da","name":"User Register","code":"const response1 = await insomnia.send();\nexpect(response1.status).to.equal(201);","_type":"unit_test"},{"_id":"ut_21111eb1b6644f819e5661dc8b2eb712","parentId":"uts_39f63d5daad04ca885579e04d3e12996","modified":1687826053223,"created":1687826050793,"requestId":"req_d386bf4d04424f0098d6676d4c6ebfdb","name":"User login","code":"const response1 = await insomnia.send();\nexpect(response1.status).to.equal(200);","_type":"unit_test"}]}